﻿<?xml version="1.0" encoding="utf-8"?>
<deployment>
  <id>74ca63b3b75e4393a318d11a9817e1eb</id>
  <author>N/A</author>
  <deployer>ZipDeploy</deployer>
  <authorEmail>N/A</authorEmail>
  <message>Created via a push deployment</message>
  <progress></progress>
  <status>Success</status>
  <statusText></statusText>
  <lastSuccessEndTime>2026-01-02T19:28:58.069869Z</lastSuccessEndTime>
  <receivedTime>2026-01-02T19:28:55.2417066Z</receivedTime>
  <startTime>2026-01-02T19:28:55.4292091Z</startTime>
  <endTime>2026-01-02T19:28:58.069869Z</endTime>
  <complete>True</complete>
  <is_temp>False</is_temp>
  <is_readonly>True</is_readonly>
  <project_type>BASIC</project_type>
  <vsproject_id></vsproject_id>
</deployment>