<step title="BackgroundTrace" date="2026-01-02T19:36:55.719" instance="a6e48b" url="/api/zipdeploy" method="POST" >
  <step title="Updating shutdown sentinel last write time" date="2026-01-02T19:36:55.735" SemaphoreCount="7" /><!-- duration: 16ms -->
  <step title="LockFile &apos;C:\home\site\locks\deployments.lock&apos; acquired" date="2026-01-02T19:36:55.766" /><!-- duration: 0ms -->
  <step title="Creating temporary deployment" date="2026-01-02T19:36:55.781" /><!-- duration: 47ms -->
  <step title="Performing fetch based deployment" date="2026-01-02T19:36:55.844" >
    <step title="Fetching changes." date="2026-01-02T19:36:55.922" /><!-- duration: 31ms -->
    <step title="Starting LocalZipHandler" date="2026-01-02T19:36:55.953" /><!-- duration: 16ms -->
    <step title="Cleaning up temp folders from previous zip deployments and extracting pushed zip file C:\local\Temp\zipdeploy\445clavp.zip (7.90 MB) to C:\local\Temp\zipdeploy\extracted" date="2026-01-02T19:36:56.031" /><!-- duration: 16ms -->
    <step title="Cleaning up temp folders from previous zip deployments and extracting pushed zip file C:\local\Temp\zipdeploy\445clavp.zip (7.90 MB) to C:\local\Temp\zipdeploy\extracted" date="2026-01-02T19:36:56.047" >
      <step title="Extracting 1428 entries to C:\local\Temp\zipdeploy\extracted directory" date="2026-01-02T19:36:56.078" >
        <step title="Extracting to C:\local\Temp\zipdeploy\extracted\.next\app-path-routes-manifest.json ..." date="2026-01-02T19:36:56.078" /><!-- duration: 16ms -->
        <step title="Extracting to C:\local\Temp\zipdeploy\extracted\.next\BUILD_ID ..." date="2026-01-02T19:36:56.094" /><!-- duration: 16ms -->
        <step title="Extracting to C:\local\Temp\zipdeploy\extracted\.next\build-manifest.json ..." date="2026-01-02T19:36:56.110" /><!-- duration: 16ms -->
        <step title="Extracting to C:\local\Temp\zipdeploy\extracted\.next\package.json ..." date="2026-01-02T19:36:56.125" /><!-- duration: 16ms -->
        <step title="Extracting to C:\local\Temp\zipdeploy\extracted\.next\prerender-manifest.json ..." date="2026-01-02T19:36:56.141" /><!-- duration: 0ms -->
        <step title="Omitting extracting file traces ..." date="2026-01-02T19:36:56.156" /><!-- duration: 0ms -->
      </step><!-- duration: 1188ms -->
    </step><!-- duration: 1234ms -->
    <step title="Before sending BuildRequestReceived status to /api/updatedeploystatus" date="2026-01-02T19:36:57.297" /><!-- duration: 0ms -->
    <step title="DeploymentManager.Deploy(id:96810a5c474d4630846bbf2b30aeb6ce)" date="2026-01-02T19:36:57.313" >
      <step title="Collecting changeset information" date="2026-01-02T19:36:57.328" /><!-- duration: 47ms -->
      <step title="Updating submodules" date="2026-01-02T19:36:57.391" >
        <step title="Updating submodules." date="2026-01-02T19:36:57.438" /><!-- duration: 0ms -->
      </step><!-- duration: 62ms -->
      <step title="Preparing deployment for commit id &apos;96810a5c47&apos;." date="2026-01-02T19:36:57.516" /><!-- duration: 16ms -->
      <step title="Determining deployment builder" date="2026-01-02T19:36:57.578" >
        <step title="Builder is BasicBuilder" date="2026-01-02T19:36:57.578" /><!-- duration: 16ms -->
      </step><!-- duration: 31ms -->
      <step title="Copying SSH keys" date="2026-01-02T19:36:57.625" /><!-- duration: 16ms -->
      <step title="Building" date="2026-01-02T19:36:57.657" >
        <step title="Generating deployment script." date="2026-01-02T19:36:57.703" /><!-- duration: 0ms -->
        <step title="Generating deployment script" date="2026-01-02T19:36:57.719" >
          <step title="Using cached version of the deployment script for command: -y --no-dot-deployment -r &quot;C:\local\Temp\zipdeploy\extracted&quot; -o &quot;C:\home\site\deployments\tools&quot; --basic --sitePath &quot;C:\local\Temp\zipdeploy\extracted&quot;" date="2026-01-02T19:36:57.766" /><!-- duration: 0ms -->
          <step title="Using cached version of deployment script (command: &apos;azure -y --no-dot-deployment -r &quot;C:\local\Temp\zipdeploy\extracted&quot; -o &quot;C:\home\site\deployments\tools&quot; --basic --sitePath &quot;C:\local\Temp\zipdeploy\extracted&quot;&apos;)." date="2026-01-02T19:36:57.782" /><!-- duration: 0ms -->
        </step><!-- duration: 78ms -->
        <step title="Running deployment command..." date="2026-01-02T19:36:57.844" /><!-- duration: 0ms -->
        <step title="Command: &quot;C:\home\site\deployments\tools\deploy.cmd&quot;" date="2026-01-02T19:36:57.875" /><!-- duration: 16ms -->
        <step title="Executing external process" date="2026-01-02T19:36:57.891" type="process" path="starter.cmd" arguments="&quot;C:\home\site\deployments\tools\deploy.cmd&quot;" >
          <step title="Handling Basic Web Site deployment." date="2026-01-02T19:36:58.032" /><!-- duration: 0ms -->
          <step title="Creating app_offline.htm" date="2026-01-02T19:36:59.266" /><!-- duration: 0ms -->
          <step title="KuduSync.NET from: &apos;C:\local\Temp\zipdeploy\extracted&apos; to: &apos;C:\home\site\wwwroot&apos;" date="2026-01-02T19:36:59.282" /><!-- duration: 0ms -->
          <step title="Copying file: &apos;web.config&apos;" date="2026-01-02T19:36:59.297" /><!-- duration: 16ms -->
          <step title="Deleting app_offline.htm" date="2026-01-02T19:36:59.313" /><!-- duration: 16ms -->
          <step title="Finished successfully." date="2026-01-02T19:36:59.344" /><!-- duration: 0ms -->
        </step><!-- duration: 1469ms -->
        <step title="Running post deployment command(s)..." date="2026-01-02T19:36:59.422" /><!-- duration: 0ms -->
        <step title="Triggering recycle (preview mode disabled)." date="2026-01-02T19:36:59.485" /><!-- duration: 16ms -->
        <step title="Ignoring FS watcher based recycle request as this is a classic Windows app." date="2026-01-02T19:36:59.501" /><!-- duration: 0ms -->
        <step title="Deployment successful. DEPLOYMENTINFO: deploymentPath = ZipDeploy. Extract zip. , deployer = ZipDeploy, os = windows, sku = Free, siteName = mototriporg-dev-web, siteHostName = mototriporg-dev-web.azurewebsites.net, deploymentStatus = Success" date="2026-01-02T19:36:59.610" /><!-- duration: 16ms -->
      </step><!-- duration: 2172ms -->
    </step><!-- duration: 2532ms -->
    <step title="Cleaning up temp files" date="2026-01-02T19:36:59.860" /><!-- duration: 0ms -->
    <step title="Skip function trigger and logicapp sync because function is not enabled." date="2026-01-02T19:36:59.876" /><!-- duration: 0ms -->
  </step><!-- duration: 4078ms -->
  <step title="LockFile &apos;C:\home\site\locks\deployments.lock&apos; released" date="2026-01-02T19:36:59.938" /><!-- duration: 31ms -->
  <step title="Deleting shutdown sentinel file" date="2026-01-02T19:36:59.969" SemaphoreCount="8" /><!-- duration: 16ms -->
</step><!-- duration: 4266ms -->
