{"TimeStamp":"2026-01-02T19:36:59Z","SiteName":"mototriporg-dev-web","RequestId":"5e52f9e1-e812-11f0-8332-60452ea571f3","Kind":"ZipDeploy","Status":"Success","Details":"{\"Id\":\"96810a5c474d4630846bbf2b30aeb6ce\",\"Status\":4,\"StatusText\":\"\",\"AuthorEmail\":\"N/A\",\"Author\":\"N/A\",\"Message\":\"Created via a push deployment\",\"Progress\":\"\",\"Deployer\":\"ZipDeploy\",\"ReceivedTime\":\"2026-01-02T19:36:57.3601337Z\",\"StartTime\":\"2026-01-02T19:36:57.5476392Z\",\"EndTime\":\"2026-01-02T19:36:59.6416445Z\",\"LastSuccessEndTime\":\"2026-01-02T19:36:59.6416445Z\",\"Complete\":true,\"IsTemporary\":false,\"IsReadOnly\":true,\"SiteName\":\"mototriporg-dev-web\",\"HostName\":\"mototriporg-dev-web.scm.azurewebsites.net\",\"ProjectType\":\"BASIC\",\"VsProjectId\":null}"}