<step title="Incoming Request" date="2026-01-02T19:36:48.703" instance="a6e48b" url="/api/zipdeploy?isAsync=true" method="POST" type="request" pid="2160,2,8" Cache-Control="no-cache" Connection="Keep-Alive" Content-Length="8287851" Content-Type="application/octet-stream" Accept="*/*" Accept-Encoding="gzip, deflate" Authorization="Bea..." Host="mototriporg-dev-web.scm.azurewebsites.net" User-Agent="AZURECLI/2.80.0 (MSI)" x-ms-client-request-id="5e52f9e1-e812-11f0-8332-60452ea571f3" X-ARR-LOG-ID="5e52f9e1-e812-11f0-8332-60452ea571f3" CLIENT-IP="24.135.79.97:57113" X-SITE-DEPLOYMENT-ID="mototriporg-dev-web" WAS-DEFAULT-HOSTNAME="mototriporg-dev-web.scm.azurewebsites.net" X-Forwarded-Proto="https" X-AppService-Proto="https" X-Forwarded-TlsVersion="1.3" X-WAWS-Unencoded-URL="/api/zipdeploy?isAsync=true" X-MS-COLDSTART="1" >
  <step title="ZipPushDeploy" date="2026-01-02T19:36:49.219" >
    <step title="ZipDeploy. Extract zip. " date="2026-01-02T19:36:49.250" /><!-- duration: 0ms -->
    <step title="Starting PushDeployAsync" date="2026-01-02T19:36:49.266" /><!-- duration: 0ms -->
    <step title="Updating shutdown sentinel last write time" date="2026-01-02T19:36:49.313" SemaphoreCount="7" /><!-- duration: 0ms -->
    <step title="LockFile &apos;C:\home\site\locks\deployments.lock&apos; acquired" date="2026-01-02T19:36:49.328" /><!-- duration: 0ms -->
    <step title="Saving request content to C:\local\Temp\zipdeploy\445clavp.zip" date="2026-01-02T19:36:49.344" >
      <step title="Total 8,287,851 bytes written to C:\local\Temp\zipdeploy\445clavp.zip" date="2026-01-02T19:36:55.641" /><!-- duration: 16ms -->
    </step><!-- duration: 6313ms -->
    <step title="LockFile &apos;C:\home\site\locks\deployments.lock&apos; released" date="2026-01-02T19:36:55.672" /><!-- duration: 0ms -->
    <step title="Deleting shutdown sentinel file" date="2026-01-02T19:36:55.688" SemaphoreCount="8" /><!-- duration: 0ms -->
    <step title="Starting FetchDeploy" date="2026-01-02T19:36:55.703" /><!-- duration: 0ms -->
    <step title="Start deployment in the background" date="2026-01-02T19:36:55.719" /><!-- duration: 125ms -->
  </step><!-- duration: 6625ms -->
  <step title="Outgoing response" date="2026-01-02T19:36:55.891" type="response" statusCode="202" statusText="Accepted" Server="Microsoft-IIS/10.0" x-ms-request-id="5e52f9e1-e812-11f0-8332-60452ea571f3" Retry-After="30" Cache-Control="private" X-AspNet-Version="4.0.30319" Location="https://mototriporg-dev-web.scm.azurewebsites.net/api/deployments/latest?deployer=ZipDeploy&amp;time=2026-01-02_19-36-55Z" /><!-- duration: 0ms -->
</step><!-- duration: 7188ms -->
