<step title="BackgroundTrace" date="2026-01-02T19:28:53.522" instance="a6e48b" url="/api/zipdeploy" method="POST" >
  <step title="Cleanup Xml Logs" date="2026-01-02T19:28:53.538" /><!-- duration: 0ms -->
  <step title="Updating shutdown sentinel last write time" date="2026-01-02T19:28:53.554" SemaphoreCount="7" /><!-- duration: 16ms -->
  <step title="LockFile &apos;C:\home\site\locks\deployments.lock&apos; acquired" date="2026-01-02T19:28:53.569" /><!-- duration: 0ms -->
  <step title="Creating temporary deployment" date="2026-01-02T19:28:53.585" /><!-- duration: 109ms -->
  <step title="Performing fetch based deployment" date="2026-01-02T19:28:53.710" >
    <step title="Fetching changes." date="2026-01-02T19:28:53.804" /><!-- duration: 0ms -->
    <step title="Starting LocalZipHandler" date="2026-01-02T19:28:53.819" /><!-- duration: 0ms -->
    <step title="Cleaning up temp folders from previous zip deployments and extracting pushed zip file C:\local\Temp\zipdeploy\2rtrkcvv.zip (7.90 MB) to C:\local\Temp\zipdeploy\extracted" date="2026-01-02T19:28:53.866" /><!-- duration: 0ms -->
    <step title="Cleaning up temp folders from previous zip deployments and extracting pushed zip file C:\local\Temp\zipdeploy\2rtrkcvv.zip (7.90 MB) to C:\local\Temp\zipdeploy\extracted" date="2026-01-02T19:28:53.882" >
      <step title="Extracting 1427 entries to C:\local\Temp\zipdeploy\extracted directory" date="2026-01-02T19:28:53.897" >
        <step title="Extracting to C:\local\Temp\zipdeploy\extracted\.next\app-path-routes-manifest.json ..." date="2026-01-02T19:28:53.913" /><!-- duration: 16ms -->
        <step title="Extracting to C:\local\Temp\zipdeploy\extracted\.next\BUILD_ID ..." date="2026-01-02T19:28:53.929" /><!-- duration: 16ms -->
        <step title="Extracting to C:\local\Temp\zipdeploy\extracted\.next\build-manifest.json ..." date="2026-01-02T19:28:53.944" /><!-- duration: 0ms -->
        <step title="Extracting to C:\local\Temp\zipdeploy\extracted\.next\package.json ..." date="2026-01-02T19:28:53.976" /><!-- duration: 0ms -->
        <step title="Extracting to C:\local\Temp\zipdeploy\extracted\.next\prerender-manifest.json ..." date="2026-01-02T19:28:53.976" /><!-- duration: 16ms -->
        <step title="Omitting extracting file traces ..." date="2026-01-02T19:28:53.991" /><!-- duration: 16ms -->
      </step><!-- duration: 1219ms -->
    </step><!-- duration: 1250ms -->
    <step title="Before sending BuildRequestReceived status to /api/updatedeploystatus" date="2026-01-02T19:28:55.132" /><!-- duration: 0ms -->
    <step title="DeploymentManager.Deploy(id:74ca63b3b75e4393a318d11a9817e1eb)" date="2026-01-02T19:28:55.147" >
      <step title="Collecting changeset information" date="2026-01-02T19:28:55.179" /><!-- duration: 78ms -->
      <step title="Updating submodules" date="2026-01-02T19:28:55.272" >
        <step title="Updating submodules." date="2026-01-02T19:28:55.335" /><!-- duration: 0ms -->
      </step><!-- duration: 62ms -->
      <step title="Preparing deployment for commit id &apos;74ca63b3b7&apos;." date="2026-01-02T19:28:55.397" /><!-- duration: 16ms -->
      <step title="Determining deployment builder" date="2026-01-02T19:28:55.460" >
        <step title="Builder is BasicBuilder" date="2026-01-02T19:28:55.476" /><!-- duration: 0ms -->
      </step><!-- duration: 16ms -->
      <step title="Copying SSH keys" date="2026-01-02T19:28:55.507" /><!-- duration: 16ms -->
      <step title="Building" date="2026-01-02T19:28:55.522" >
        <step title="Generating deployment script." date="2026-01-02T19:28:55.585" /><!-- duration: 0ms -->
        <step title="Generating deployment script" date="2026-01-02T19:28:55.601" >
          <step title="Using cached version of the deployment script for command: -y --no-dot-deployment -r &quot;C:\local\Temp\zipdeploy\extracted&quot; -o &quot;C:\home\site\deployments\tools&quot; --basic --sitePath &quot;C:\local\Temp\zipdeploy\extracted&quot;" date="2026-01-02T19:28:55.663" /><!-- duration: 0ms -->
          <step title="Using cached version of deployment script (command: &apos;azure -y --no-dot-deployment -r &quot;C:\local\Temp\zipdeploy\extracted&quot; -o &quot;C:\home\site\deployments\tools&quot; --basic --sitePath &quot;C:\local\Temp\zipdeploy\extracted&quot;&apos;)." date="2026-01-02T19:28:55.679" /><!-- duration: 0ms -->
        </step><!-- duration: 94ms -->
        <step title="Running deployment command..." date="2026-01-02T19:28:55.757" /><!-- duration: 0ms -->
        <step title="Command: &quot;C:\home\site\deployments\tools\deploy.cmd&quot;" date="2026-01-02T19:28:55.788" /><!-- duration: 16ms -->
        <step title="Executing external process" date="2026-01-02T19:28:55.819" type="process" path="starter.cmd" arguments="&quot;C:\home\site\deployments\tools\deploy.cmd&quot;" >
          <step title="Handling Basic Web Site deployment." date="2026-01-02T19:28:55.944" /><!-- duration: 0ms -->
          <step title="Creating app_offline.htm" date="2026-01-02T19:28:56.179" /><!-- duration: 0ms -->
          <step title="KuduSync.NET from: &apos;C:\local\Temp\zipdeploy\extracted&apos; to: &apos;C:\home\site\wwwroot&apos;" date="2026-01-02T19:28:56.194" /><!-- duration: 16ms -->
          <step title="Deleting file: &apos;static\bK_a-BhM2IG7lpDrcsbqF\_buildManifest.js&apos;" date="2026-01-02T19:28:56.210" /><!-- duration: 16ms -->
          <step title="Deleting file: &apos;static\bK_a-BhM2IG7lpDrcsbqF\_clientMiddlewareManifest.json&apos;" date="2026-01-02T19:28:56.241" /><!-- duration: 0ms -->
          <step title="Deleting file: &apos;static\bK_a-BhM2IG7lpDrcsbqF\_ssgManifest.js&apos;" date="2026-01-02T19:28:56.257" /><!-- duration: 0ms -->
          <step title="Deleting directory: &apos;static\bK_a-BhM2IG7lpDrcsbqF&apos;" date="2026-01-02T19:28:56.272" /><!-- duration: 0ms -->
          <step title="Deleting file: &apos;static\chunks\07edc925e1c9c54b.js&apos;" date="2026-01-02T19:28:56.288" /><!-- duration: 0ms -->
          <step title="Deleting file: &apos;static\chunks\30420d12e4f82b67.js&apos;" date="2026-01-02T19:28:56.304" /><!-- duration: 16ms -->
          <step title="Deleting file: &apos;static\chunks\4fd93823156e59e8.js&apos;" date="2026-01-02T19:28:56.319" /><!-- duration: 16ms -->
          <step title="Deleting file: &apos;static\chunks\5668e27424f172eb.css&apos;" date="2026-01-02T19:28:56.335" /><!-- duration: 16ms -->
          <step title="Deleting file: &apos;static\chunks\5f8f53e7772f4262.js&apos;" date="2026-01-02T19:28:56.366" /><!-- duration: 0ms -->
          <step title="Deleting file: &apos;static\chunks\a6dad97d9634a72d.js&apos;" date="2026-01-02T19:28:56.382" /><!-- duration: 0ms -->
          <step title="Deleting file: &apos;static\chunks\a6dad97d9634a72d.js.map&apos;" date="2026-01-02T19:28:56.397" /><!-- duration: 0ms -->
          <step title="Deleting file: &apos;static\chunks\cc759f7c2413b7ff.js&apos;" date="2026-01-02T19:28:56.413" /><!-- duration: 0ms -->
          <step title="Deleting file: &apos;static\chunks\turbopack-5b6cb51ab4268fba.js&apos;" date="2026-01-02T19:28:56.429" /><!-- duration: 16ms -->
          <step title="Deleting directory: &apos;static\chunks&apos;" date="2026-01-02T19:28:56.444" /><!-- duration: 16ms -->
          <step title="Deleting file: &apos;static\media\4fa387ec64143e14-s.c1fdd6c2.woff2&apos;" date="2026-01-02T19:28:56.476" /><!-- duration: 0ms -->
          <step title="Deleting file: &apos;static\media\7178b3e590c64307-s.b97b3418.woff2&apos;" date="2026-01-02T19:28:56.491" /><!-- duration: 0ms -->
          <step title="Deleting file: &apos;static\media\797e433ab948586e-s.p.dbea232f.woff2&apos;" date="2026-01-02T19:28:56.507" /><!-- duration: 0ms -->
          <step title="Deleting file: &apos;static\media\8a480f0b521d4e75-s.8e0177b5.woff2&apos;" date="2026-01-02T19:28:56.522" /><!-- duration: 0ms -->
          <step title="Deleting file: &apos;static\media\bbc41e54d2fcbd21-s.799d8ef8.woff2&apos;" date="2026-01-02T19:28:56.538" /><!-- duration: 16ms -->
          <step title="Deleting file: &apos;static\media\caa3a2e1cccd8315-s.p.853070df.woff2&apos;" date="2026-01-02T19:28:56.554" /><!-- duration: 16ms -->
          <step title="Deleting file: &apos;static\media\favicon.0b3bf435.ico&apos;" date="2026-01-02T19:28:56.569" /><!-- duration: 16ms -->
          <step title="Deleting directory: &apos;static\media&apos;" date="2026-01-02T19:28:56.585" /><!-- duration: 16ms -->
          <step title="Deleting directory: &apos;static&apos;" date="2026-01-02T19:28:56.616" /><!-- duration: 0ms -->
          <step title="Copying file: &apos;.next\static\bK_a-BhM2IG7lpDrcsbqF\_buildManifest.js&apos;" date="2026-01-02T19:28:56.632" /><!-- duration: 16ms -->
          <step title="Copying file: &apos;.next\static\bK_a-BhM2IG7lpDrcsbqF\_clientMiddlewareManifest.json&apos;" date="2026-01-02T19:28:56.647" /><!-- duration: 16ms -->
          <step title="Copying file: &apos;.next\static\bK_a-BhM2IG7lpDrcsbqF\_ssgManifest.js&apos;" date="2026-01-02T19:28:56.679" /><!-- duration: 0ms -->
          <step title="Copying file: &apos;.next\static\chunks\07edc925e1c9c54b.js&apos;" date="2026-01-02T19:28:56.694" /><!-- duration: 0ms -->
          <step title="Copying file: &apos;.next\static\chunks\30420d12e4f82b67.js&apos;" date="2026-01-02T19:28:56.710" /><!-- duration: 0ms -->
          <step title="Copying file: &apos;.next\static\chunks\4fd93823156e59e8.js&apos;" date="2026-01-02T19:28:56.726" /><!-- duration: 0ms -->
          <step title="Copying file: &apos;.next\static\chunks\5668e27424f172eb.css&apos;" date="2026-01-02T19:28:56.741" /><!-- duration: 16ms -->
          <step title="Copying file: &apos;.next\static\chunks\5f8f53e7772f4262.js&apos;" date="2026-01-02T19:28:56.772" /><!-- duration: 0ms -->
          <step title="Copying file: &apos;.next\static\chunks\a6dad97d9634a72d.js&apos;" date="2026-01-02T19:28:56.788" /><!-- duration: 0ms -->
          <step title="Copying file: &apos;.next\static\chunks\a6dad97d9634a72d.js.map&apos;" date="2026-01-02T19:28:56.804" /><!-- duration: 16ms -->
          <step title="Copying file: &apos;.next\static\chunks\cc759f7c2413b7ff.js&apos;" date="2026-01-02T19:28:57.601" /><!-- duration: 0ms -->
          <step title="Copying file: &apos;.next\static\chunks\turbopack-5b6cb51ab4268fba.js&apos;" date="2026-01-02T19:28:57.616" /><!-- duration: 16ms -->
          <step title="Copying file: &apos;.next\static\media\4fa387ec64143e14-s.c1fdd6c2.woff2&apos;" date="2026-01-02T19:28:57.647" /><!-- duration: 16ms -->
          <step title="Copying file: &apos;.next\static\media\7178b3e590c64307-s.b97b3418.woff2&apos;" date="2026-01-02T19:28:57.663" /><!-- duration: 16ms -->
          <step title="Copying file: &apos;.next\static\media\797e433ab948586e-s.p.dbea232f.woff2&apos;" date="2026-01-02T19:28:57.679" /><!-- duration: 16ms -->
          <step title="Copying file: &apos;.next\static\media\8a480f0b521d4e75-s.8e0177b5.woff2&apos;" date="2026-01-02T19:28:57.710" /><!-- duration: 0ms -->
          <step title="Copying file: &apos;.next\static\media\bbc41e54d2fcbd21-s.799d8ef8.woff2&apos;" date="2026-01-02T19:28:57.726" /><!-- duration: 0ms -->
          <step title="Copying file: &apos;.next\static\media\caa3a2e1cccd8315-s.p.853070df.woff2&apos;" date="2026-01-02T19:28:57.741" /><!-- duration: 0ms -->
          <step title="Copying file: &apos;.next\static\media\favicon.0b3bf435.ico&apos;" date="2026-01-02T19:28:57.757" /><!-- duration: 0ms -->
          <step title="Deleting app_offline.htm" date="2026-01-02T19:28:57.772" /><!-- duration: 16ms -->
          <step title="Finished successfully." date="2026-01-02T19:28:57.788" /><!-- duration: 16ms -->
        </step><!-- duration: 1984ms -->
        <step title="Running post deployment command(s)..." date="2026-01-02T19:28:57.882" /><!-- duration: 16ms -->
        <step title="Triggering recycle (preview mode disabled)." date="2026-01-02T19:28:57.960" /><!-- duration: 0ms -->
        <step title="Ignoring FS watcher based recycle request as this is a classic Windows app." date="2026-01-02T19:28:57.960" /><!-- duration: 16ms -->
        <step title="Deployment successful. DEPLOYMENTINFO: deploymentPath = ZipDeploy. Extract zip. , deployer = ZipDeploy, os = windows, sku = Free, siteName = mototriporg-dev-web, siteHostName = mototriporg-dev-web.azurewebsites.net, deploymentStatus = Success" date="2026-01-02T19:28:58.038" /><!-- duration: 0ms -->
      </step><!-- duration: 2703ms -->
    </step><!-- duration: 3078ms -->
    <step title="Cleaning up temp files" date="2026-01-02T19:28:58.241" /><!-- duration: 0ms -->
    <step title="Skip function trigger and logicapp sync because function is not enabled." date="2026-01-02T19:28:58.272" /><!-- duration: 0ms -->
  </step><!-- duration: 4641ms -->
  <step title="LockFile &apos;C:\home\site\locks\deployments.lock&apos; released" date="2026-01-02T19:28:58.382" /><!-- duration: 31ms -->
  <step title="Deleting shutdown sentinel file" date="2026-01-02T19:28:58.413" SemaphoreCount="8" /><!-- duration: 16ms -->
</step><!-- duration: 4906ms -->
