<step title="Incoming Request" date="2026-01-02T00:42:45.888" instance="a6e48b" url="/api/publish?async=true&amp;deployer=GITHUB_ONE_DEPLOY&amp;type=zip&amp;message=%7B%22type%22%3A%22deployment%22%2C%22sha%22%3A%2203747c427acff8e7805d20df393d50093ffc5a51%22%2C%22repoName%22%3A%22millosbgd%2FMotoTripOrganizer%22%2C%22actor%22%3A%22millosbgd%22%2C%22slotName%22%3A%22production%22%2C%22commitMessage%22%3A%22Remove%20npm%20cache%20from%20frontend%20workflow%22%7D" method="POST" type="request" pid="14300,2,8" Transfer-Encoding="chunked" Content-Type="application/octet-stream" Authorization="Bea..." Cookie="ARRAffinity=a6e48b9e9d2653435be7b61998d8624b44115214104213d6c8b8c526cc56dc70;Path=/;HttpOnly;Secure;Domain=mototriporg-dev-web.scm.azurewebsites.net; ARRAffinitySameSite=a6e48b9e9d2653435be7b61998d8624b44115214104213d6c8b8c526cc56dc70;Path=/;HttpOnly;SameSite=None;Secure;Domain=mototriporg-dev-web.scm.azurewebsites.net" Host="mototriporg-dev-web.scm.azurewebsites.net" User-Agent="GITHUBACTIONS_DeployWebAppToAzure_0eacc0e7a2680b3d56a389bbf5318f57250f41e3e7e61e94addcc8d3269c4c93" X-ARR-LOG-ID="3730561d-dea8-4451-ac51-f3d26665bc83" CLIENT-IP="52.161.50.39:11264" X-SITE-DEPLOYMENT-ID="mototriporg-dev-web" WAS-DEFAULT-HOSTNAME="mototriporg-dev-web.scm.azurewebsites.net" X-Forwarded-Proto="https" X-AppService-Proto="https" X-Forwarded-TlsVersion="1.3" X-WAWS-Unencoded-URL="/api/publish?async=true&amp;deployer=GITHUB_ONE_DEPLOY&amp;type=zip&amp;message=%7B%22type%22%3A%22deployment%22%2C%22sha%22%3A%2203747c427acff8e7805d20df393d50093ffc5a51%22%2C%22repoName%22%3A%22millosbgd%2FMotoTripOrganizer%22%2C%22actor%22%3A%22millosbgd%22%2C%22slotName%22%3A%22production%22%2C%22commitMessage%22%3A%22Remove%20npm%20cache%20from%20frontend%20workflow%22%7D" >
  <step title="OneDeploy" date="2026-01-02T00:42:46.076" >
    <step title="Starting PushDeployAsync" date="2026-01-02T00:42:46.092" /><!-- duration: 0ms -->
    <step title="Updating shutdown sentinel last write time" date="2026-01-02T00:42:46.138" SemaphoreCount="7" /><!-- duration: 16ms -->
    <step title="LockFile &apos;C:\home\site\locks\deployments.lock&apos; acquired" date="2026-01-02T00:42:46.154" /><!-- duration: 16ms -->
    <step title="Saving request content to C:\local\Temp\zipdeploy\zp2q3a1a.zip" date="2026-01-02T00:42:46.170" >
      <step title="Total 105,482,940 bytes written to C:\local\Temp\zipdeploy\zp2q3a1a.zip" date="2026-01-02T00:42:49.725" /><!-- duration: 0ms -->
    </step><!-- duration: 3571ms -->
    <step title="LockFile &apos;C:\home\site\locks\deployments.lock&apos; released" date="2026-01-02T00:42:49.757" /><!-- duration: 16ms -->
    <step title="Deleting shutdown sentinel file" date="2026-01-02T00:42:49.788" SemaphoreCount="8" /><!-- duration: 16ms -->
    <step title="Starting FetchDeploy" date="2026-01-02T00:42:49.804" /><!-- duration: 16ms -->
    <step title="Start deployment in the background" date="2026-01-02T00:42:49.819" /><!-- duration: 125ms -->
  </step><!-- duration: 3868ms -->
  <step title="Outgoing response" date="2026-01-02T00:42:49.960" type="response" statusCode="202" statusText="Accepted" Server="Microsoft-IIS/10.0" x-ms-request-id="3730561d-dea8-4451-ac51-f3d26665bc83" Retry-After="30" Cache-Control="private" X-AspNet-Version="4.0.30319" Location="https://mototriporg-dev-web.scm.azurewebsites.net/api/deployments/latest?deployer=OneDeploy&amp;time=2026-01-02_00-42-49Z" /><!-- duration: 0ms -->
</step><!-- duration: 4087ms -->
