<step title="Incoming Request" date="2026-01-02T18:59:47.870" instance="a6e48b" url="/api/zipdeploy?isAsync=true" method="POST" type="request" pid="12780,2,7" Cache-Control="no-cache" Connection="Keep-Alive" Content-Length="8286977" Content-Type="application/octet-stream" Accept="*/*" Accept-Encoding="gzip, deflate" Authorization="Bea..." Host="mototriporg-dev-web.scm.azurewebsites.net" User-Agent="AZURECLI/2.80.0 (MSI)" x-ms-client-request-id="31bafb7b-e80d-11f0-82cc-60452ea571f3" X-ARR-LOG-ID="31bafb7b-e80d-11f0-82cc-60452ea571f3" CLIENT-IP="24.135.79.97:25192" X-SITE-DEPLOYMENT-ID="mototriporg-dev-web" WAS-DEFAULT-HOSTNAME="mototriporg-dev-web.scm.azurewebsites.net" X-Forwarded-Proto="https" X-AppService-Proto="https" X-Forwarded-TlsVersion="1.3" X-WAWS-Unencoded-URL="/api/zipdeploy?isAsync=true" X-MS-COLDSTART="1" >
  <step title="ZipPushDeploy" date="2026-01-02T18:59:48.386" >
    <step title="ZipDeploy. Extract zip. " date="2026-01-02T18:59:48.402" /><!-- duration: 16ms -->
    <step title="Starting PushDeployAsync" date="2026-01-02T18:59:48.417" /><!-- duration: 16ms -->
    <step title="Updating shutdown sentinel last write time" date="2026-01-02T18:59:48.480" SemaphoreCount="7" /><!-- duration: 0ms -->
    <step title="LockFile &apos;C:\home\site\locks\deployments.lock&apos; acquired" date="2026-01-02T18:59:48.480" /><!-- duration: 16ms -->
    <step title="Saving request content to C:\local\Temp\zipdeploy\thdidjwl.zip" date="2026-01-02T18:59:48.495" >
      <step title="Total 8,286,977 bytes written to C:\local\Temp\zipdeploy\thdidjwl.zip" date="2026-01-02T18:59:48.589" /><!-- duration: 0ms -->
    </step><!-- duration: 94ms -->
    <step title="LockFile &apos;C:\home\site\locks\deployments.lock&apos; released" date="2026-01-02T18:59:48.605" /><!-- duration: 0ms -->
    <step title="Deleting shutdown sentinel file" date="2026-01-02T18:59:48.620" SemaphoreCount="8" /><!-- duration: 16ms -->
    <step title="Starting FetchDeploy" date="2026-01-02T18:59:48.636" /><!-- duration: 16ms -->
    <step title="Start deployment in the background" date="2026-01-02T18:59:48.652" /><!-- duration: 125ms -->
  </step><!-- duration: 391ms -->
  <step title="Outgoing response" date="2026-01-02T18:59:48.824" type="response" statusCode="202" statusText="Accepted" Server="Microsoft-IIS/10.0" x-ms-request-id="31bafb7b-e80d-11f0-82cc-60452ea571f3" Retry-After="30" Cache-Control="private" X-AspNet-Version="4.0.30319" Location="https://mototriporg-dev-web.scm.azurewebsites.net/api/deployments/latest?deployer=ZipDeploy&amp;time=2026-01-02_18-59-48Z" /><!-- duration: 0ms -->
</step><!-- duration: 953ms -->
