<step title="Incoming Request" date="2026-01-02T19:28:40.241" instance="a6e48b" url="/api/zipdeploy?isAsync=true" method="POST" type="request" pid="12012,2,27" Cache-Control="no-cache" Content-Length="8287307" Content-Type="application/octet-stream" Accept="*/*" Accept-Encoding="gzip, deflate" Authorization="Bea..." Host="mototriporg-dev-web.scm.azurewebsites.net" User-Agent="AZURECLI/2.80.0 (MSI)" x-ms-client-request-id="3c02c4b5-e811-11f0-bd9f-60452ea571f3" X-ARR-LOG-ID="3c02c4b5-e811-11f0-bd9f-60452ea571f3" CLIENT-IP="24.135.79.97:33842" X-SITE-DEPLOYMENT-ID="mototriporg-dev-web" WAS-DEFAULT-HOSTNAME="mototriporg-dev-web.scm.azurewebsites.net" X-Forwarded-Proto="https" X-AppService-Proto="https" X-Forwarded-TlsVersion="1.3" X-WAWS-Unencoded-URL="/api/zipdeploy?isAsync=true" >
  <step title="Cleanup Xml Logs" date="2026-01-02T19:28:40.257" /><!-- duration: 16ms -->
  <step title="ZipPushDeploy" date="2026-01-02T19:28:40.678" >
    <step title="ZipDeploy. Extract zip. " date="2026-01-02T19:28:40.694" /><!-- duration: 0ms -->
    <step title="Starting PushDeployAsync" date="2026-01-02T19:28:40.710" /><!-- duration: 0ms -->
    <step title="Updating shutdown sentinel last write time" date="2026-01-02T19:28:40.757" SemaphoreCount="7" /><!-- duration: 0ms -->
    <step title="LockFile &apos;C:\home\site\locks\deployments.lock&apos; acquired" date="2026-01-02T19:28:40.757" /><!-- duration: 16ms -->
    <step title="Saving request content to C:\local\Temp\zipdeploy\2rtrkcvv.zip" date="2026-01-02T19:28:40.788" >
      <step title="Total 8,287,307 bytes written to C:\local\Temp\zipdeploy\2rtrkcvv.zip" date="2026-01-02T19:28:53.444" /><!-- duration: 0ms -->
    </step><!-- duration: 12672ms -->
    <step title="LockFile &apos;C:\home\site\locks\deployments.lock&apos; released" date="2026-01-02T19:28:53.476" /><!-- duration: 0ms -->
    <step title="Deleting shutdown sentinel file" date="2026-01-02T19:28:53.491" SemaphoreCount="8" /><!-- duration: 0ms -->
    <step title="Starting FetchDeploy" date="2026-01-02T19:28:53.507" /><!-- duration: 0ms -->
    <step title="Start deployment in the background" date="2026-01-02T19:28:53.522" /><!-- duration: 172ms -->
  </step><!-- duration: 13031ms -->
  <step title="Outgoing response" date="2026-01-02T19:28:53.726" type="response" statusCode="202" statusText="Accepted" Server="Microsoft-IIS/10.0" x-ms-request-id="3c02c4b5-e811-11f0-bd9f-60452ea571f3" Retry-After="30" Cache-Control="private" X-AspNet-Version="4.0.30319" Location="https://mototriporg-dev-web.scm.azurewebsites.net/api/deployments/latest?deployer=ZipDeploy&amp;time=2026-01-02_19-28-53Z" /><!-- duration: 16ms -->
</step><!-- duration: 13500ms -->
