<step title="BackgroundTrace" date="2026-01-02T18:59:48.652" instance="a6e48b" url="/api/zipdeploy" method="POST" >
  <step title="Updating shutdown sentinel last write time" date="2026-01-02T18:59:48.667" SemaphoreCount="7" /><!-- duration: 16ms -->
  <step title="LockFile &apos;C:\home\site\locks\deployments.lock&apos; acquired" date="2026-01-02T18:59:48.683" /><!-- duration: 16ms -->
  <step title="Creating temporary deployment" date="2026-01-02T18:59:48.714" /><!-- duration: 47ms -->
  <step title="Performing fetch based deployment" date="2026-01-02T18:59:48.777" >
    <step title="Fetching changes." date="2026-01-02T18:59:48.870" /><!-- duration: 16ms -->
    <step title="Starting LocalZipHandler" date="2026-01-02T18:59:48.902" /><!-- duration: 0ms -->
    <step title="Cleaning up temp folders from previous zip deployments and extracting pushed zip file C:\local\Temp\zipdeploy\thdidjwl.zip (7.90 MB) to C:\local\Temp\zipdeploy\extracted" date="2026-01-02T18:59:48.949" /><!-- duration: 16ms -->
    <step title="Cleaning up temp folders from previous zip deployments and extracting pushed zip file C:\local\Temp\zipdeploy\thdidjwl.zip (7.90 MB) to C:\local\Temp\zipdeploy\extracted" date="2026-01-02T18:59:48.964" >
      <step title="Extracting 1426 entries to C:\local\Temp\zipdeploy\extracted directory" date="2026-01-02T18:59:48.995" >
        <step title="Extracting to C:\local\Temp\zipdeploy\extracted\.next\app-path-routes-manifest.json ..." date="2026-01-02T18:59:48.995" /><!-- duration: 16ms -->
        <step title="Extracting to C:\local\Temp\zipdeploy\extracted\.next\BUILD_ID ..." date="2026-01-02T18:59:49.011" /><!-- duration: 16ms -->
        <step title="Extracting to C:\local\Temp\zipdeploy\extracted\.next\build-manifest.json ..." date="2026-01-02T18:59:49.027" /><!-- duration: 16ms -->
        <step title="Extracting to C:\local\Temp\zipdeploy\extracted\.next\package.json ..." date="2026-01-02T18:59:49.042" /><!-- duration: 16ms -->
        <step title="Extracting to C:\local\Temp\zipdeploy\extracted\.next\prerender-manifest.json ..." date="2026-01-02T18:59:49.058" /><!-- duration: 16ms -->
        <step title="Omitting extracting file traces ..." date="2026-01-02T18:59:49.074" /><!-- duration: 0ms -->
      </step><!-- duration: 1219ms -->
    </step><!-- duration: 1250ms -->
    <step title="Before sending BuildRequestReceived status to /api/updatedeploystatus" date="2026-01-02T18:59:50.230" /><!-- duration: 0ms -->
    <step title="DeploymentManager.Deploy(id:b3cf6d0521eb440ca248910cfc1128f2)" date="2026-01-02T18:59:50.246" >
      <step title="Collecting changeset information" date="2026-01-02T18:59:50.261" /><!-- duration: 47ms -->
      <step title="Updating submodules" date="2026-01-02T18:59:50.308" >
        <step title="Updating submodules." date="2026-01-02T18:59:50.371" /><!-- duration: 0ms -->
      </step><!-- duration: 63ms -->
      <step title="Preparing deployment for commit id &apos;b3cf6d0521&apos;." date="2026-01-02T18:59:50.433" /><!-- duration: 0ms -->
      <step title="Determining deployment builder" date="2026-01-02T18:59:50.481" >
        <step title="Builder is BasicBuilder" date="2026-01-02T18:59:50.496" /><!-- duration: 0ms -->
      </step><!-- duration: 31ms -->
      <step title="Copying SSH keys" date="2026-01-02T18:59:50.528" /><!-- duration: 0ms -->
      <step title="Building" date="2026-01-02T18:59:50.543" >
        <step title="Generating deployment script." date="2026-01-02T18:59:50.590" /><!-- duration: 0ms -->
        <step title="Generating deployment script" date="2026-01-02T18:59:50.606" >
          <step title="Using the following command to generate deployment script: &apos;azure site deploymentscript -y --no-dot-deployment -r &quot;C:\local\Temp\zipdeploy\extracted&quot; -o &quot;C:\home\site\deployments\tools&quot; --basic --sitePath &quot;C:\local\Temp\zipdeploy\extracted&quot;&apos;." date="2026-01-02T18:59:50.653" /><!-- duration: 0ms -->
          <step title="Executing external process" date="2026-01-02T18:59:50.668" type="process" path="starter.cmd" arguments="&quot;C:\Program Files (x86)\SiteExtensions\Kudu\2025.11.1.1\bin\node_modules\.bin\kuduscript.cmd&quot; -y --no-dot-deployment -r &quot;C:\local\Temp\zipdeploy\extracted&quot; -o &quot;C:\home\site\deployments\tools&quot; --basic --sitePath &quot;C:\local\Temp\zipdeploy\extracted&quot;" >
            <step title="Generating deployment script for Web Site" date="2026-01-02T18:59:51.746" /><!-- duration: 16ms -->
            <step title="Generated deployment script files" date="2026-01-02T18:59:51.778" /><!-- duration: 0ms -->
          </step><!-- duration: 1125ms -->
          <step title="Saved cached version of the deployment script for command -y --no-dot-deployment -r &quot;C:\local\Temp\zipdeploy\extracted&quot; -o &quot;C:\home\site\deployments\tools&quot; --basic --sitePath &quot;C:\local\Temp\zipdeploy\extracted&quot;" date="2026-01-02T18:59:51.809" /><!-- duration: 0ms -->
        </step><!-- duration: 1203ms -->
        <step title="Running deployment command..." date="2026-01-02T18:59:51.871" /><!-- duration: 31ms -->
        <step title="Command: &quot;C:\home\site\deployments\tools\deploy.cmd&quot;" date="2026-01-02T18:59:51.918" /><!-- duration: 0ms -->
        <step title="Executing external process" date="2026-01-02T18:59:51.934" type="process" path="starter.cmd" arguments="&quot;C:\home\site\deployments\tools\deploy.cmd&quot;" >
          <step title="Handling Basic Web Site deployment." date="2026-01-02T18:59:52.059" /><!-- duration: 31ms -->
          <step title="Creating app_offline.htm" date="2026-01-02T18:59:52.512" /><!-- duration: 0ms -->
          <step title="KuduSync.NET from: &apos;C:\local\Temp\zipdeploy\extracted&apos; to: &apos;C:\home\site\wwwroot&apos;" date="2026-01-02T18:59:52.528" /><!-- duration: 0ms -->
          <step title="Deleting file: &apos;hostingstart.html&apos;" date="2026-01-02T18:59:52.543" /><!-- duration: 0ms -->
          <step title="Copying file: &apos;package.json&apos;" date="2026-01-02T18:59:52.559" /><!-- duration: 0ms -->
          <step title="Copying file: &apos;server.js&apos;" date="2026-01-02T18:59:52.574" /><!-- duration: 16ms -->
          <step title="Copying file: &apos;.next\app-path-routes-manifest.json&apos;" date="2026-01-02T18:59:52.590" /><!-- duration: 16ms -->
          <step title="Copying file: &apos;.next\build-manifest.json&apos;" date="2026-01-02T18:59:52.606" /><!-- duration: 16ms -->
          <step title="Copying file: &apos;.next\BUILD_ID&apos;" date="2026-01-02T18:59:52.637" /><!-- duration: 0ms -->
          <step title="Copying file: &apos;.next\package.json&apos;" date="2026-01-02T18:59:52.653" /><!-- duration: 0ms -->
          <step title="Copying file: &apos;.next\prerender-manifest.json&apos;" date="2026-01-02T18:59:52.668" /><!-- duration: 0ms -->
          <step title="Copying file: &apos;.next\required-server-files.json&apos;" date="2026-01-02T18:59:52.684" /><!-- duration: 0ms -->
          <step title="Copying file: &apos;.next\routes-manifest.json&apos;" date="2026-01-02T18:59:52.699" /><!-- duration: 0ms -->
          <step title="Copying file: &apos;.next\server\app-paths-manifest.json&apos;" date="2026-01-02T18:59:52.715" /><!-- duration: 16ms -->
          <step title="Copying file: &apos;.next\server\functions-config-manifest.json&apos;" date="2026-01-02T18:59:52.731" /><!-- duration: 16ms -->
          <step title="Copying file: &apos;.next\server\middleware-build-manifest.js&apos;" date="2026-01-02T18:59:52.762" /><!-- duration: 16ms -->
          <step title="Copying file: &apos;.next\server\middleware-manifest.json&apos;" date="2026-01-02T18:59:52.793" /><!-- duration: 0ms -->
          <step title="Copying file: &apos;.next\server\next-font-manifest.js&apos;" date="2026-01-02T18:59:52.809" /><!-- duration: 0ms -->
          <step title="Copying file: &apos;.next\server\next-font-manifest.json&apos;" date="2026-01-02T18:59:52.824" /><!-- duration: 0ms -->
          <step title="Copying file: &apos;.next\server\pages-manifest.json&apos;" date="2026-01-02T18:59:52.840" /><!-- duration: 16ms -->
          <step title="Copying file: &apos;.next\server\server-reference-manifest.js&apos;" date="2026-01-02T18:59:52.856" /><!-- duration: 16ms -->
          <step title="Copying file: &apos;.next\server\server-reference-manifest.json&apos;" date="2026-01-02T18:59:52.887" /><!-- duration: 0ms -->
          <step title="Copying file: &apos;.next\server\app\favicon.ico.body&apos;" date="2026-01-02T18:59:52.903" /><!-- duration: 0ms -->
          <step title="Copying file: &apos;.next\server\app\favicon.ico.meta&apos;" date="2026-01-02T18:59:52.918" /><!-- duration: 0ms -->
          <step title="Copying file: &apos;.next\server\app\index.html&apos;" date="2026-01-02T18:59:52.934" /><!-- duration: 16ms -->
          <step title="Copying file: &apos;.next\server\app\index.meta&apos;" date="2026-01-02T18:59:52.949" /><!-- duration: 16ms -->
          <step title="Copying file: &apos;.next\server\app\index.rsc&apos;" date="2026-01-02T18:59:52.981" /><!-- duration: 0ms -->
          <step title="Copying file: &apos;.next\server\app\page.js&apos;" date="2026-01-02T18:59:52.997" /><!-- duration: 0ms -->
          <step title="Copying file: &apos;.next\server\app\page.js.map&apos;" date="2026-01-02T18:59:53.013" /><!-- duration: 16ms -->
          <step title="Copying file: &apos;.next\server\app\page.js.nft.json&apos;" date="2026-01-02T18:59:53.029" /><!-- duration: 16ms -->
          <step title="Copying file: &apos;.next\server\app\page_client-reference-manifest.js&apos;" date="2026-01-02T18:59:53.060" /><!-- duration: 0ms -->
          <step title="Copying file: &apos;.next\server\app\_global-error.html&apos;" date="2026-01-02T18:59:53.075" /><!-- duration: 0ms -->
          <step title="Copying file: &apos;.next\server\app\_global-error.meta&apos;" date="2026-01-02T18:59:53.091" /><!-- duration: 0ms -->
          <step title="Copying file: &apos;.next\server\app\_global-error.rsc&apos;" date="2026-01-02T18:59:53.107" /><!-- duration: 16ms -->
          <step title="Copying file: &apos;.next\server\app\_not-found.html&apos;" date="2026-01-02T18:59:53.138" /><!-- duration: 0ms -->
          <step title="Copying file: &apos;.next\server\app\_not-found.meta&apos;" date="2026-01-02T18:59:53.154" /><!-- duration: 0ms -->
          <step title="Copying file: &apos;.next\server\app\_not-found.rsc&apos;" date="2026-01-02T18:59:53.169" /><!-- duration: 0ms -->
          <step title="Copying file: &apos;.next\server\app\api\auth\[auth0]\route.js&apos;" date="2026-01-02T18:59:53.185" /><!-- duration: 0ms -->
          <step title="Copying file: &apos;.next\server\app\api\auth\[auth0]\route.js.map&apos;" date="2026-01-02T18:59:53.200" /><!-- duration: 16ms -->
          <step title="Copying file: &apos;.next\server\app\api\auth\[auth0]\route.js.nft.json&apos;" date="2026-01-02T18:59:53.216" /><!-- duration: 16ms -->
          <step title="Copying file: &apos;.next\server\app\api\auth\[auth0]\route_client-reference-manifest.js&apos;" date="2026-01-02T18:59:53.232" /><!-- duration: 16ms -->
          <step title="Copying file: &apos;.next\server\app\api\auth\[auth0]\route\app-paths-manifest.json&apos;" date="2026-01-02T18:59:53.263" /><!-- duration: 0ms -->
          <step title="Copying file: &apos;.next\server\app\api\auth\[auth0]\route\build-manifest.json&apos;" date="2026-01-02T18:59:53.279" /><!-- duration: 0ms -->
          <step title="Copying file: &apos;.next\server\app\api\auth\[auth0]\route\server-reference-manifest.json&apos;" date="2026-01-02T18:59:53.294" /><!-- duration: 16ms -->
          <step title="Copying file: &apos;.next\server\app\api\me\route.js&apos;" date="2026-01-02T18:59:53.310" /><!-- duration: 16ms -->
          <step title="Copying file: &apos;.next\server\app\api\me\route.js.map&apos;" date="2026-01-02T18:59:53.325" /><!-- duration: 16ms -->
          <step title="Copying file: &apos;.next\server\app\api\me\route.js.nft.json&apos;" date="2026-01-02T18:59:53.357" /><!-- duration: 0ms -->
          <step title="Copying file: &apos;.next\server\app\api\me\route_client-reference-manifest.js&apos;" date="2026-01-02T18:59:53.372" /><!-- duration: 0ms -->
          <step title="Copying file: &apos;.next\server\app\api\me\route\app-paths-manifest.json&apos;" date="2026-01-02T18:59:53.388" /><!-- duration: 16ms -->
          <step title="Copying file: &apos;.next\server\app\api\me\route\build-manifest.json&apos;" date="2026-01-02T18:59:53.466" /><!-- duration: 0ms -->
          <step title="Copying file: &apos;.next\server\app\api\me\route\server-reference-manifest.json&apos;" date="2026-01-02T18:59:53.575" /><!-- duration: 0ms -->
          <step title="Omitting next output lines..." date="2026-01-02T18:59:53.591" /><!-- duration: 0ms -->
          <step title="Processed 1132 files..." date="2026-01-02T19:00:13.031" /><!-- duration: 0ms -->
          <step title="Finished successfully." date="2026-01-02T19:00:17.923" /><!-- duration: 16ms -->
        </step><!-- duration: 26005ms -->
        <step title="Running post deployment command(s)..." date="2026-01-02T19:00:18.032" /><!-- duration: 0ms -->
        <step title="Triggering recycle (preview mode disabled)." date="2026-01-02T19:00:18.095" /><!-- duration: 0ms -->
        <step title="Ignoring FS watcher based recycle request as this is a classic Windows app." date="2026-01-02T19:00:18.111" /><!-- duration: 0ms -->
        <step title="Deployment successful. DEPLOYMENTINFO: deploymentPath = ZipDeploy. Extract zip. , deployer = ZipDeploy, os = windows, sku = Free, siteName = mototriporg-dev-web, siteHostName = mototriporg-dev-web.azurewebsites.net, deploymentStatus = Success" date="2026-01-02T19:00:18.174" /><!-- duration: 0ms -->
      </step><!-- duration: 27740ms -->
    </step><!-- duration: 28053ms -->
    <step title="Cleaning up temp files" date="2026-01-02T19:00:18.299" /><!-- duration: 0ms -->
    <step title="Skip function trigger and logicapp sync because function is not enabled." date="2026-01-02T19:00:18.314" /><!-- duration: 0ms -->
  </step><!-- duration: 29569ms -->
  <step title="LockFile &apos;C:\home\site\locks\deployments.lock&apos; released" date="2026-01-02T19:00:18.361" /><!-- duration: 0ms -->
  <step title="Deleting shutdown sentinel file" date="2026-01-02T19:00:18.377" SemaphoreCount="8" /><!-- duration: 0ms -->
</step><!-- duration: 29725ms -->
