﻿<?xml version="1.0" encoding="utf-8"?>
<deployment>
  <id>b3cf6d0521eb440ca248910cfc1128f2</id>
  <author>N/A</author>
  <deployer>ZipDeploy</deployer>
  <authorEmail>N/A</authorEmail>
  <message>Created via a push deployment</message>
  <progress></progress>
  <status>Success</status>
  <statusText></statusText>
  <lastSuccessEndTime>2026-01-02T19:00:18.1896263Z</lastSuccessEndTime>
  <receivedTime>2026-01-02T18:59:50.2928748Z</receivedTime>
  <startTime>2026-01-02T18:59:50.4647551Z</startTime>
  <endTime>2026-01-02T19:00:18.1896263Z</endTime>
  <complete>True</complete>
  <is_temp>False</is_temp>
  <is_readonly>True</is_readonly>
  <project_type>BASIC</project_type>
  <vsproject_id></vsproject_id>
</deployment>