﻿<?xml version="1.0" encoding="utf-8"?>
<deployment>
  <id>96810a5c474d4630846bbf2b30aeb6ce</id>
  <author>N/A</author>
  <deployer>ZipDeploy</deployer>
  <authorEmail>N/A</authorEmail>
  <message>Created via a push deployment</message>
  <progress></progress>
  <status>Success</status>
  <statusText></statusText>
  <lastSuccessEndTime>2026-01-02T19:36:59.6416445Z</lastSuccessEndTime>
  <receivedTime>2026-01-02T19:36:57.3601337Z</receivedTime>
  <startTime>2026-01-02T19:36:57.5476392Z</startTime>
  <endTime>2026-01-02T19:36:59.6416445Z</endTime>
  <complete>True</complete>
  <is_temp>False</is_temp>
  <is_readonly>True</is_readonly>
  <project_type>BASIC</project_type>
  <vsproject_id></vsproject_id>
</deployment>