{"TimeStamp":"2026-01-02T19:28:58Z","SiteName":"mototriporg-dev-web","RequestId":"3c02c4b5-e811-11f0-bd9f-60452ea571f3","Kind":"ZipDeploy","Status":"Success","Details":"{\"Id\":\"74ca63b3b75e4393a318d11a9817e1eb\",\"Status\":4,\"StatusText\":\"\",\"AuthorEmail\":\"N/A\",\"Author\":\"N/A\",\"Message\":\"Created via a push deployment\",\"Progress\":\"\",\"Deployer\":\"ZipDeploy\",\"ReceivedTime\":\"2026-01-02T19:28:55.2417066Z\",\"StartTime\":\"2026-01-02T19:28:55.4292091Z\",\"EndTime\":\"2026-01-02T19:28:58.069869Z\",\"LastSuccessEndTime\":\"2026-01-02T19:28:58.069869Z\",\"Complete\":true,\"IsTemporary\":false,\"IsReadOnly\":true,\"SiteName\":\"mototriporg-dev-web\",\"HostName\":\"mototriporg-dev-web.scm.azurewebsites.net\",\"ProjectType\":\"BASIC\",\"VsProjectId\":null}"}